"",baseMean,log2FoldChange,lfcSE,pvalue,padj,GM25256_day0-1,GM25256_day0-2,GM25256_day0-3,GM25256_day60-1,GM25256_day60-2,GM25256_day60-3
HOXB9,28484.5648342728,19.1435108956056,2.52791605033606,1.35411018505966e-52,2.72594986083062e-51,0,0,0,82657.4922994515,61512.9491406814,53302.3826452871
HOXB8,6596.33380659396,17.6139567378283,2.58717764344654,1.03975715594144e-44,1.73905091581063e-43,0,0,0,28312.8499806135,18380.9910869134,18591.9033631222
NEUROD6,1047.81589725273,16.1366542199319,3.30693729512769,2.02923999840979e-29,2.10120686644113e-28,0,0,0,6677.19841225852,3009.83911038332,5624.75409815298
HOXB7,2713.96504610474,16.1006192980861,2.56380353462813,1.73824800926687e-37,2.33611053627133e-36,0,0,0,8368.60975168427,5659.1777171501,9454.91075218291
HOXC6,3837.44847779443,15.870106721325,2.51977252279302,1.90667726752958e-36,2.49056931617524e-35,0,0,0,8613.20377365417,5906.31328252244,6304.74567803511
PANTR1,3032.98248595171,15.4948272466701,2.51952606250149,6.86787300555073e-35,8.49123450387494e-34,0,0,0,4031.43361211095,4644.56151986457,7383.39651439729
HOXC8,1963.87636314147,15.4779694186529,2.56380717526724,5.55437458524954e-34,6.6944094695575e-33,0,0,0,6671.73872426812,4883.76153955982,3908.37460941526
HOXA9,2602.8852220798,15.4713968729772,2.54119903363123,7.17615807576333e-35,8.86584837388262e-34,0,0,0,6251.34274900737,3941.69890275058,5301.15884724433
IFI44L,829.398862105042,15.2935812002919,2.75201160352885,3.49979290153408e-33,4.11889250258495e-32,0,0,0,4171.20162466518,3533.58512507149,3954.42227669856
GUCY1A1,1155.10191124079,15.1607161230874,2.58838435060026,3.52389579955886e-33,4.14580341908087e-32,0,0,0,4872.22556263247,3471.23440903718,3735.5381596122
HOXC10,1227.90792666948,15.1134868811837,2.58927817157192,2.41808648349353e-32,2.76524813216432e-31,0,0,0,4448.55377457747,3551.72351519056,3796.72478600233
HOXB6,1379.38693166331,15.0943034972672,2.56954660482139,3.39148136281009e-33,3.99422601260255e-32,0,0,0,4639.64285424145,3488.23914977381,3550.08591055343
HOXC9,1792.47703433499,15.0691053956729,2.53658813313468,2.81198605908392e-33,3.31873763128081e-32,0,0,0,4546.82815840466,3463.29886336009,3763.92370793752
HOXB5,1331.00585704014,15.0034380103112,2.59051086622529,5.05374138919136e-32,5.70341090514869e-31,0,0,0,5113.54377180812,3158.34717948321,2631.02493477583
HOXB-AS3,2007.53402119572,14.266131751486,2.49814567522282,6.4790283703054e-30,6.80338574297921e-29,0,0,0,2645.76480014757,1717.47881439952,2649.31784369659
